faq_id,question,answer,intent,source,last_updated
FAQ0001,How can I create an account?,"To create an account, click on the 'Sign Up' button on the top right corner of our website and follow the instructions to complete the registration process.",account_checkout,MakTek Customer Support FAQs Dataset,2026-04-08
FAQ0002,What payment methods do you accept?,"We accept major credit cards, debit cards, and PayPal as payment methods for online orders.",payment_promotions,MakTek Customer Support FAQs Dataset,2026-04-08
FAQ0003,How can I track my order?,"You can track your order by logging into your account and navigating to the 'Order History' section. There, you will find the tracking information for your shipment.",orders_shipping,MakTek Customer Support FAQs Dataset,2026-04-08
FAQ0004,What is your return policy?,"Our return policy allows you to return products within 30 days of purchase for a full refund, provided they are in their original condition and packaging. Please refer to our Returns page for detailed instructions.",returns_refunds,MakTek Customer Support FAQs Dataset,2026-04-08
FAQ0005,Can I cancel my order?,"You can cancel your order if it has not been shipped yet. Please contact our customer support team with your order details, and we will assist you with the cancellation process.",orders_shipping,MakTek Customer Support FAQs Dataset,2026-04-08
FAQ0006,How long does shipping take?,"Shipping times vary depending on the destination and the shipping method chosen. Standard shipping usually takes 3-5 business days, while express shipping can take 1-2 business days.",orders_shipping,MakTek Customer Support FAQs Dataset,2026-04-08
FAQ0007,Do you offer international shipping?,"Yes, we offer international shipping to select countries. The availability and shipping costs will be calculated during the checkout process based on your location.",orders_shipping,MakTek Customer Support FAQs Dataset,2026-04-08
FAQ0008,What should I do if my package is lost or damaged?,"If your package is lost or damaged during transit, please contact our customer support team immediately. We will initiate an investigation and take the necessary steps to resolve the issue.",order_issues,MakTek Customer Support FAQs Dataset,2026-04-08
FAQ0009,Can I change my shipping address after placing an order?,"If you need to change your shipping address, please contact our customer support team as soon as possible. We will do our best to update the address if the order has not been shipped yet.",orders_shipping,MakTek Customer Support FAQs Dataset,2026-04-08
FAQ0010,How can I contact customer support?,You can contact our customer support team by phone at [phone number] or by email at [email address]. Our team is available [working hours] to assist you with any inquiries or issues you may have.,support_contact,MakTek Customer Support FAQs Dataset,2026-04-08
FAQ0011,Do you offer gift wrapping services?,"Yes, we offer gift wrapping services for an additional fee. During the checkout process, you can select the option to add gift wrapping to your order.",gift_special_services,MakTek Customer Support FAQs Dataset,2026-04-08
FAQ0012,What is your price matching policy?,We have a price matching policy where we will match the price of an identical product found on a competitor's website. Please contact our customer support team with the details of the product and the competitor's offer.,payment_promotions,MakTek Customer Support FAQs Dataset,2026-04-08
FAQ0013,Can I order by phone?,"Unfortunately, we do not accept orders over the phone. Please place your order through our website for a smooth and secure transaction.",orders_shipping,MakTek Customer Support FAQs Dataset,2026-04-08
FAQ0014,Are my personal and payment details secure?,"Yes, we take the security of your personal and payment details seriously. We use industry-standard encryption and follow strict security protocols to ensure your information is protected.",account_checkout,MakTek Customer Support FAQs Dataset,2026-04-08
FAQ0015,What is your price adjustment policy?,"If a product you purchased goes on sale within 7 days of your purchase, we offer a one-time price adjustment. Please contact our customer support team with your order details to request the adjustment.",payment_promotions,MakTek Customer Support FAQs Dataset,2026-04-08
FAQ0016,Do you have a loyalty program?,"Yes, we have a loyalty program where you can earn points for every purchase. These points can be redeemed for discounts on future orders. Please visit our website to learn more and join the program.",payment_promotions,MakTek Customer Support FAQs Dataset,2026-04-08
FAQ0017,Can I order without creating an account?,"Yes, you can place an order as a guest without creating an account. However, creating an account offers benefits such as order tracking and easier future purchases.",account_checkout,MakTek Customer Support FAQs Dataset,2026-04-08
FAQ0018,Do you offer bulk or wholesale discounts?,"Yes, we offer bulk or wholesale discounts for certain products. Please contact our customer support team or visit our Wholesale page for more information and to discuss your specific requirements.",payment_promotions,MakTek Customer Support FAQs Dataset,2026-04-08
FAQ0019,Can I change or cancel an item in my order?,"If you need to change or cancel an item in your order, please contact our customer support team as soon as possible. We will assist you with the necessary steps.",orders_shipping,MakTek Customer Support FAQs Dataset,2026-04-08
FAQ0020,How can I leave a product review?,"To leave a product review, navigate to the product page on our website and click on the 'Write a Review' button. You can share your feedback and rating based on your experience with the product.",engagement_feedback,MakTek Customer Support FAQs Dataset,2026-04-08
FAQ0021,Can I use multiple promo codes on a single order?,"Usually, only one promo code can be applied per order. During the checkout process, enter the promo code in the designated field to apply the discount to your order.",payment_promotions,MakTek Customer Support FAQs Dataset,2026-04-08
FAQ0022,What should I do if I receive the wrong item?,"If you receive the wrong item in your order, please contact our customer support team immediately. We will arrange for the correct item to be shipped to you and assist with returning the wrong item.",order_issues,MakTek Customer Support FAQs Dataset,2026-04-08
FAQ0023,Do you offer expedited shipping?,"Yes, we offer expedited shipping options for faster delivery. During the checkout process, you can select the desired expedited shipping method.",orders_shipping,MakTek Customer Support FAQs Dataset,2026-04-08
FAQ0024,Can I order a product that is out of stock?,"If a product is currently out of stock, you will usually see an option to sign up for product notifications. This way, you will be alerted when the product becomes available again.",product_availability,MakTek Customer Support FAQs Dataset,2026-04-08
FAQ0025,What is your email newsletter about?,"Our email newsletter provides updates on new product releases, exclusive offers, and helpful tips related to our products. You can subscribe to our newsletter on our website.",engagement_feedback,MakTek Customer Support FAQs Dataset,2026-04-08
FAQ0026,Can I return a product if I changed my mind?,"Yes, you can return a product if you changed your mind. Please ensure the product is in its original condition and packaging, and refer to our return policy for instructions.",returns_refunds,MakTek Customer Support FAQs Dataset,2026-04-08
FAQ0027,Do you offer live chat support?,"Yes, we offer live chat support on our website during our business hours. Look for the chat icon in the bottom right corner to initiate a chat with our customer support team.",support_contact,MakTek Customer Support FAQs Dataset,2026-04-08
FAQ0028,Can I order a product as a gift?,"Yes, you can order a product as a gift and have it shipped directly to the recipient. During the checkout process, you can enter the recipient's shipping address.",gift_special_services,MakTek Customer Support FAQs Dataset,2026-04-08
FAQ0029,What should I do if my discount code is not working?,"If your discount code is not working, please double-check the terms and conditions associated with the code. If the issue persists, contact our customer support team for assistance.",payment_promotions,MakTek Customer Support FAQs Dataset,2026-04-08
FAQ0030,Can I return a product if it was a final sale item?,Final sale items are usually non-returnable and non-refundable. Please review the product description or contact our customer support team to confirm the return eligibility for specific items.,payment_promotions,MakTek Customer Support FAQs Dataset,2026-04-08
FAQ0031,Do you offer installation services for your products?,Installation services are available for select products. Please check the product description or contact our customer support team for more information and to request installation services.,gift_special_services,MakTek Customer Support FAQs Dataset,2026-04-08
FAQ0032,Can I order a product that is discontinued?,Discontinued products are no longer available for purchase. We recommend exploring alternative products on our website.,product_availability,MakTek Customer Support FAQs Dataset,2026-04-08
FAQ0033,Can I return a product without a receipt?,A receipt or proof of purchase is usually required for returns. Please refer to our return policy or contact our customer support team for assistance.,returns_refunds,MakTek Customer Support FAQs Dataset,2026-04-08
FAQ0034,Can I order a product for delivery to a different country?,"Yes, we offer international shipping to select countries. Please review the available shipping destinations during checkout or contact our customer support for assistance.",orders_shipping,MakTek Customer Support FAQs Dataset,2026-04-08
FAQ0035,Can I add a gift message to my order?,"Yes, you can add a gift message during the checkout process. There is usually a section where you can enter your personalized message.",gift_special_services,MakTek Customer Support FAQs Dataset,2026-04-08
FAQ0036,Can I request a product demonstration before making a purchase?,"We do not currently offer product demonstrations before purchase. However, you can find detailed product descriptions, specifications, and customer reviews on our website.",gift_special_services,MakTek Customer Support FAQs Dataset,2026-04-08
FAQ0037,Can I order a product that is listed as 'coming soon'?,Products listed as 'coming soon' are not available for immediate purchase. Please sign up for notifications to be informed when the product becomes available.,product_availability,MakTek Customer Support FAQs Dataset,2026-04-08
FAQ0038,Can I request an invoice for my order?,"Yes, an invoice is usually included with your order. If you require a separate invoice, please contact our customer support team with your order details.",payment_promotions,MakTek Customer Support FAQs Dataset,2026-04-08
FAQ0039,Can I order a product that is labeled as 'limited edition'?,'Limited edition' products may have restricted availability. We recommend placing an order as soon as possible to secure your item.,product_availability,MakTek Customer Support FAQs Dataset,2026-04-08
FAQ0040,Can I return a product if I no longer have the original packaging?,"While returning a product in its original packaging is preferred, you can still initiate a return without it. Contact our customer support team for guidance in such cases.",returns_refunds,MakTek Customer Support FAQs Dataset,2026-04-08
FAQ0041,Can I request a product that is currently out of stock to be reserved for me?,"We do not offer reservations for out-of-stock products. However, you can sign up for product notifications to be alerted when it becomes available again.",product_availability,MakTek Customer Support FAQs Dataset,2026-04-08
FAQ0042,Can I order a product that is listed as 'pre-order' with other in-stock items?,"Yes, you can place an order with a mix of pre-order and in-stock items. However, please note that the entire order will be shipped once all items are available.",product_availability,MakTek Customer Support FAQs Dataset,2026-04-08
FAQ0043,Can I return a product if it was damaged during shipping?,"If your product was damaged during shipping, please contact our customer support team immediately. We will guide you through the return and replacement process.",returns_refunds,MakTek Customer Support FAQs Dataset,2026-04-08
FAQ0044,Can I request a product that is out of stock to be restocked?,We strive to restock popular products whenever possible. Please sign up for product notifications to be informed when the item becomes available again.,product_availability,MakTek Customer Support FAQs Dataset,2026-04-08
FAQ0045,Can I order a product if it is listed as 'backordered'?,Products listed as 'backordered' are temporarily out of stock but can still be ordered. Your order will be fulfilled once the product is restocked.,product_availability,MakTek Customer Support FAQs Dataset,2026-04-08
FAQ0046,Can I return a product if it was purchased during a sale or with a discount?,"Yes, you can return a product purchased during a sale or with a discount. The refund will be processed based on the amount paid after the discount.",payment_promotions,MakTek Customer Support FAQs Dataset,2026-04-08
FAQ0047,Can I request a product repair or replacement if it is damaged?,"If you receive a damaged product, please contact our customer support team immediately. We will assist you with the necessary steps for repair or replacement.",order_issues,MakTek Customer Support FAQs Dataset,2026-04-08
FAQ0048,Can I order a product if it is listed as 'out of stock' but available for pre-order?,"If a product is available for pre-order, you can place an order to secure your item. The product will be shipped once it becomes available.",product_availability,MakTek Customer Support FAQs Dataset,2026-04-08
FAQ0049,Can I return a product if it was purchased as a gift?,"Yes, you can return a product purchased as a gift. However, refunds will typically be issued to the original payment method used for the purchase.",returns_refunds,MakTek Customer Support FAQs Dataset,2026-04-08
FAQ0050,Can I request a product if it is listed as 'discontinued'?,"Unfortunately, if a product is listed as 'discontinued,' it is no longer available for purchase. We recommend exploring alternative products on our website.",product_availability,MakTek Customer Support FAQs Dataset,2026-04-08
FAQ0051,Can I order a product if it is listed as 'sold out'?,"If a product is listed as 'sold out,' it is currently unavailable for purchase. Please check back later or sign up for notifications when it becomes available again.",product_availability,MakTek Customer Support FAQs Dataset,2026-04-08
FAQ0052,Can I return a product if it was purchased with a gift card?,"Yes, you can return a product purchased with a gift card. The refund will be issued in the form of store credit or a new gift card.",payment_promotions,MakTek Customer Support FAQs Dataset,2026-04-08
FAQ0053,Can I request a product if it is not currently available in my size?,"If a product is not available in your size, it may be temporarily out of stock. Please check back later or sign up for size notifications.",product_availability,MakTek Customer Support FAQs Dataset,2026-04-08
FAQ0054,Can I order a product if it is listed as 'coming soon' but available for pre-order?,"If a product is listed as 'coming soon' and available for pre-order, you can place an order to secure your item before it becomes available.",product_availability,MakTek Customer Support FAQs Dataset,2026-04-08
FAQ0055,Can I return a product if it was purchased with a discount code?,"Yes, you can return a product purchased with a discount code. The refund will be processed based on the amount paid after the discount.",payment_promotions,MakTek Customer Support FAQs Dataset,2026-04-08
FAQ0056,Can I request a custom order or personalized product?,We do not currently offer custom orders or personalized products. Please explore the available products on our website.,gift_special_services,MakTek Customer Support FAQs Dataset,2026-04-08
FAQ0057,Can I order a product if it is listed as 'temporarily unavailable'?,"If a product is listed as 'temporarily unavailable,' it is out of stock but may be restocked in the future. Please check back later or sign up for notifications.",product_availability,MakTek Customer Support FAQs Dataset,2026-04-08
FAQ0058,Can I return a product if it was damaged due to improper use?,Our return policy generally covers products that are defective or damaged upon arrival. Damage due to improper use may not be eligible for a return. Please contact our customer support team for assistance.,returns_refunds,MakTek Customer Support FAQs Dataset,2026-04-08
FAQ0059,Can I request a product if it is listed as 'coming soon' but not available for pre-order?,"If a product is listed as 'coming soon' but not available for pre-order, you will need to wait until it is officially released and becomes available for purchase.",product_availability,MakTek Customer Support FAQs Dataset,2026-04-08
FAQ0060,Can I order a product if it is listed as 'on hold'?,"If a product is listed as 'on hold,' it is temporarily unavailable for purchase. Please check back later or sign up for notifications when it becomes available.",product_availability,MakTek Customer Support FAQs Dataset,2026-04-08
FAQ0061,Can I return a product if I no longer have the original receipt?,"While a receipt is preferred for returns, we may be able to assist you without it. Please contact our customer support team for further guidance.",returns_refunds,MakTek Customer Support FAQs Dataset,2026-04-08
FAQ0062,Can I request a product that is listed as 'limited edition' to be restocked?,"Once a limited edition product is sold out, it may not be restocked. Limited edition items are available for a limited time only, so we recommend purchasing them while they are available.",product_availability,MakTek Customer Support FAQs Dataset,2026-04-08
FAQ0063,Can I order a product if it is listed as 'discontinued' but still visible on the website?,"If a product is listed as 'discontinued' but still visible on the website, it may be an error. Please contact our customer support team for clarification.",product_availability,MakTek Customer Support FAQs Dataset,2026-04-08
FAQ0064,Can I return a product if it was a clearance or final sale item?,Clearance or final sale items are typically non-returnable and non-refundable. Please review the product description or contact our customer support team for more information.,payment_promotions,MakTek Customer Support FAQs Dataset,2026-04-08
FAQ0065,Can I request a product if it is not listed on your website?,"If a product is not listed on our website, it may not be available for purchase. We recommend exploring the available products or contacting our customer support team for further assistance.",orders_shipping,MakTek Customer Support FAQs Dataset,2026-04-08
FAQ0066,Can I order a product if it is listed as 'out of stock' but available for backorder?,"If a product is listed as 'out of stock' but available for backorder, you can place an order to secure your item. The product will be shipped once it becomes available.",product_availability,MakTek Customer Support FAQs Dataset,2026-04-08
FAQ0067,Can I return a product if it was purchased as part of a bundle or set?,"If a product was purchased as part of a bundle or set, the return policy may vary. Please refer to the specific terms and conditions or contact our customer support team for further guidance.",returns_refunds,MakTek Customer Support FAQs Dataset,2026-04-08
FAQ0068,Can I request a product that is listed as 'out of stock' to be restocked?,We aim to restock popular products whenever possible. Please sign up for product notifications to be alerted when the item becomes available again.,product_availability,MakTek Customer Support FAQs Dataset,2026-04-08
FAQ0069,Can I order a product if it is listed as 'coming soon' and available for pre-order?,"If a product is listed as 'coming soon' and available for pre-order, you can place an order to secure your item before it becomes available.",product_availability,MakTek Customer Support FAQs Dataset,2026-04-08
FAQ0070,Can I return a product if it was damaged due to mishandling during shipping?,"If your product was damaged due to mishandling during shipping, please contact our customer support team immediately. We will assist you with the necessary steps for return and replacement.",returns_refunds,MakTek Customer Support FAQs Dataset,2026-04-08
FAQ0071,Can I request a product that is listed as 'out of stock' to be reserved for me?,"We do not offer reservations for out-of-stock products. However, you can sign up for product notifications to be alerted when the item becomes available again.",product_availability,MakTek Customer Support FAQs Dataset,2026-04-08
FAQ0072,Can I order a product if it is listed as 'pre-order' but available for backorder?,"If a product is listed as 'pre-order' and available for backorder, you can place an order to secure your item. The product will be shipped once it becomes available.",product_availability,MakTek Customer Support FAQs Dataset,2026-04-08
FAQ0073,Can I return a product if it was purchased with store credit?,"Yes, you can return a product purchased with store credit. The refund will be issued in the form of store credit, which you can use for future purchases.",returns_refunds,MakTek Customer Support FAQs Dataset,2026-04-08
FAQ0074,Can I request a product that is currently out of stock to be restocked?,We strive to restock popular products whenever possible. Please sign up for product notifications to be informed when the item becomes available again.,product_availability,MakTek Customer Support FAQs Dataset,2026-04-08
FAQ0075,Can I order a product if it is listed as 'sold out' but available for pre-order?,"If a product is listed as 'sold out' but available for pre-order, you can place an order to secure your item. The product will be shipped once it becomes available.",product_availability,MakTek Customer Support FAQs Dataset,2026-04-08
FAQ0076,Can I return a product if it was purchased with a promotional gift card?,"Yes, you can return a product purchased with a promotional gift card. The refund will be issued in the form of store credit or a new gift card.",payment_promotions,MakTek Customer Support FAQs Dataset,2026-04-08
FAQ0077,Can I request a product if it is not currently available in my preferred color?,"If a product is not available in your preferred color, it may be temporarily out of stock. Please check back later or sign up for color notifications.",orders_shipping,MakTek Customer Support FAQs Dataset,2026-04-08
FAQ0078,Can I order a product if it is listed as 'coming soon' and not available for pre-order?,"If a product is listed as 'coming soon' but not available for pre-order, you will need to wait until it is officially released and becomes available for purchase.",product_availability,MakTek Customer Support FAQs Dataset,2026-04-08
FAQ0079,Can I return a product if it was purchased during a promotional event?,"Yes, you can return a product purchased during a promotional event. The refund will be processed based on the amount paid after any applicable discounts.",returns_refunds,MakTek Customer Support FAQs Dataset,2026-04-08
FAQ0080,How can I reset my password?,"To reset your password, click on the 'Forgot Password' link on the login page and follow the instructions to reset your password.",orders_shipping,MakTek Customer Support FAQs Dataset,2026-04-08
FAQ0081,How do I update my account information?,"To update your account information, log in to your account, navigate to the 'Account Settings' section, and make the necessary changes.",orders_shipping,MakTek Customer Support FAQs Dataset,2026-04-08
FAQ0082,What is your privacy policy?,"Our privacy policy outlines how we collect, use, and protect your personal information. Please visit our Privacy Policy page for detailed information.",orders_shipping,MakTek Customer Support FAQs Dataset,2026-04-08
FAQ0083,Can I change my order after it has been placed?,"If you need to change your order, please contact our customer support team as soon as possible. We will do our best to accommodate your request if the order has not been processed yet.",orders_shipping,MakTek Customer Support FAQs Dataset,2026-04-08
FAQ0084,How do I unsubscribe from your newsletter?,"To unsubscribe from our newsletter, click on the 'Unsubscribe' link at the bottom of any of our newsletter emails or update your preferences in your account settings.",orders_shipping,MakTek Customer Support FAQs Dataset,2026-04-08
FAQ0085,What are your business hours?,"Our business hours are [working hours]. During these hours, our customer support team is available to assist you with any inquiries or issues.",orders_shipping,MakTek Customer Support FAQs Dataset,2026-04-08
FAQ0086,Do you offer a satisfaction guarantee?,"Yes, we offer a satisfaction guarantee on our products. If you are not satisfied with your purchase, please contact our customer support team for assistance.",orders_shipping,MakTek Customer Support FAQs Dataset,2026-04-08
FAQ0087,How can I apply for a job at your company?,"To apply for a job at our company, visit our Careers page, where you can find current job openings and submit your application.",orders_shipping,MakTek Customer Support FAQs Dataset,2026-04-08
FAQ0088,What is the warranty on your products?,The warranty on our products varies by item. Please refer to the product page for specific warranty information or contact our customer support team.,orders_shipping,MakTek Customer Support FAQs Dataset,2026-04-08
FAQ0089,Can I request a refund if the price drops after my purchase?,"If the price of a product drops within 7 days of your purchase, you may be eligible for a price adjustment. Please contact our customer support team with your order details.",payment_promotions,MakTek Customer Support FAQs Dataset,2026-04-08
FAQ0090,How can I reset my password?,"To reset your password, click on the 'Forgot Password' link on the login page and follow the instructions to reset your password.",orders_shipping,MakTek Customer Support FAQs Dataset,2026-04-08
FAQ0091,How do I update my account information?,"To update your account information, log in to your account, navigate to the 'Account Settings' section, and make the necessary changes.",orders_shipping,MakTek Customer Support FAQs Dataset,2026-04-08
FAQ0092,What is your privacy policy?,"Our privacy policy outlines how we collect, use, and protect your personal information. Please visit our Privacy Policy page for detailed information.",orders_shipping,MakTek Customer Support FAQs Dataset,2026-04-08
FAQ0093,Can I change my order after it has been placed?,"If you need to change your order, please contact our customer support team as soon as possible. We will do our best to accommodate your request if the order has not been processed yet.",orders_shipping,MakTek Customer Support FAQs Dataset,2026-04-08
FAQ0094,How do I unsubscribe from your newsletter?,"To unsubscribe from our newsletter, click on the 'Unsubscribe' link at the bottom of any of our newsletter emails or update your preferences in your account settings.",orders_shipping,MakTek Customer Support FAQs Dataset,2026-04-08
FAQ0095,What are your business hours?,"Our business hours are [working hours]. During these hours, our customer support team is available to assist you with any inquiries or issues.",orders_shipping,MakTek Customer Support FAQs Dataset,2026-04-08
FAQ0096,Do you offer a satisfaction guarantee?,"Yes, we offer a satisfaction guarantee on our products. If you are not satisfied with your purchase, please contact our customer support team for assistance.",orders_shipping,MakTek Customer Support FAQs Dataset,2026-04-08
FAQ0097,How can I apply for a job at your company?,"To apply for a job at our company, visit our Careers page, where you can find current job openings and submit your application.",orders_shipping,MakTek Customer Support FAQs Dataset,2026-04-08
FAQ0098,What is the warranty on your products?,The warranty on our products varies by item. Please refer to the product page for specific warranty information or contact our customer support team.,orders_shipping,MakTek Customer Support FAQs Dataset,2026-04-08
FAQ0099,Can I request a refund if the price drops after my purchase?,"If the price of a product drops within 7 days of your purchase, you may be eligible for a price adjustment. Please contact our customer support team with your order details.",payment_promotions,MakTek Customer Support FAQs Dataset,2026-04-08
FAQ0100,How can I reset my password?,"To reset your password, click on the 'Forgot Password' link on the login page and follow the instructions to reset your password.",orders_shipping,MakTek Customer Support FAQs Dataset,2026-04-08
FAQ0101,How do I update my account information?,"To update your account information, log in to your account, navigate to the 'Account Settings' section, and make the necessary changes.",orders_shipping,MakTek Customer Support FAQs Dataset,2026-04-08
FAQ0102,What is your privacy policy?,"Our privacy policy outlines how we collect, use, and protect your personal information. Please visit our Privacy Policy page for detailed information.",orders_shipping,MakTek Customer Support FAQs Dataset,2026-04-08
FAQ0103,Can I change my order after it has been placed?,"If you need to change your order, please contact our customer support team as soon as possible. We will do our best to accommodate your request if the order has not been processed yet.",orders_shipping,MakTek Customer Support FAQs Dataset,2026-04-08
FAQ0104,How do I unsubscribe from your newsletter?,"To unsubscribe from our newsletter, click on the 'Unsubscribe' link at the bottom of any of our newsletter emails or update your preferences in your account settings.",orders_shipping,MakTek Customer Support FAQs Dataset,2026-04-08
FAQ0105,What are your business hours?,"Our business hours are [working hours]. During these hours, our customer support team is available to assist you with any inquiries or issues.",orders_shipping,MakTek Customer Support FAQs Dataset,2026-04-08
FAQ0106,Do you offer a satisfaction guarantee?,"Yes, we offer a satisfaction guarantee on our products. If you are not satisfied with your purchase, please contact our customer support team for assistance.",orders_shipping,MakTek Customer Support FAQs Dataset,2026-04-08
FAQ0107,How can I apply for a job at your company?,"To apply for a job at our company, visit our Careers page, where you can find current job openings and submit your application.",orders_shipping,MakTek Customer Support FAQs Dataset,2026-04-08
FAQ0108,What is the warranty on your products?,The warranty on our products varies by item. Please refer to the product page for specific warranty information or contact our customer support team.,orders_shipping,MakTek Customer Support FAQs Dataset,2026-04-08
FAQ0109,Can I request a refund if the price drops after my purchase?,"If the price of a product drops within 7 days of your purchase, you may be eligible for a price adjustment. Please contact our customer support team with your order details.",payment_promotions,MakTek Customer Support FAQs Dataset,2026-04-08
FAQ0110,How can I reset my password?,"To reset your password, click on the 'Forgot Password' link on the login page and follow the instructions to reset your password.",orders_shipping,MakTek Customer Support FAQs Dataset,2026-04-08
FAQ0111,How do I update my account information?,"To update your account information, log in to your account, navigate to the 'Account Settings' section, and make the necessary changes.",orders_shipping,MakTek Customer Support FAQs Dataset,2026-04-08
FAQ0112,What is your privacy policy?,"Our privacy policy outlines how we collect, use, and protect your personal information. Please visit our Privacy Policy page for detailed information.",orders_shipping,MakTek Customer Support FAQs Dataset,2026-04-08
FAQ0113,Can I change my order after it has been placed?,"If you need to change your order, please contact our customer support team as soon as possible. We will do our best to accommodate your request if the order has not been processed yet.",orders_shipping,MakTek Customer Support FAQs Dataset,2026-04-08
FAQ0114,How do I unsubscribe from your newsletter?,"To unsubscribe from our newsletter, click on the 'Unsubscribe' link at the bottom of any of our newsletter emails or update your preferences in your account settings.",orders_shipping,MakTek Customer Support FAQs Dataset,2026-04-08
FAQ0115,What are your business hours?,"Our business hours are [working hours]. During these hours, our customer support team is available to assist you with any inquiries or issues.",orders_shipping,MakTek Customer Support FAQs Dataset,2026-04-08
FAQ0116,Do you offer a satisfaction guarantee?,"Yes, we offer a satisfaction guarantee on our products. If you are not satisfied with your purchase, please contact our customer support team for assistance.",orders_shipping,MakTek Customer Support FAQs Dataset,2026-04-08
FAQ0117,How can I apply for a job at your company?,"To apply for a job at our company, visit our Careers page, where you can find current job openings and submit your application.",orders_shipping,MakTek Customer Support FAQs Dataset,2026-04-08
FAQ0118,What is the warranty on your products?,The warranty on our products varies by item. Please refer to the product page for specific warranty information or contact our customer support team.,orders_shipping,MakTek Customer Support FAQs Dataset,2026-04-08
FAQ0119,Can I request a refund if the price drops after my purchase?,"If the price of a product drops within 7 days of your purchase, you may be eligible for a price adjustment. Please contact our customer support team with your order details.",payment_promotions,MakTek Customer Support FAQs Dataset,2026-04-08
FAQ0120,How can I reset my password?,"To reset your password, click on the 'Forgot Password' link on the login page and follow the instructions to reset your password.",orders_shipping,MakTek Customer Support FAQs Dataset,2026-04-08
FAQ0121,How do I update my account information?,"To update your account information, log in to your account, navigate to the 'Account Settings' section, and make the necessary changes.",orders_shipping,MakTek Customer Support FAQs Dataset,2026-04-08
FAQ0122,What is your privacy policy?,"Our privacy policy outlines how we collect, use, and protect your personal information. Please visit our Privacy Policy page for detailed information.",orders_shipping,MakTek Customer Support FAQs Dataset,2026-04-08
FAQ0123,Can I change my order after it has been placed?,"If you need to change your order, please contact our customer support team as soon as possible. We will do our best to accommodate your request if the order has not been processed yet.",orders_shipping,MakTek Customer Support FAQs Dataset,2026-04-08
FAQ0124,How do I unsubscribe from your newsletter?,"To unsubscribe from our newsletter, click on the 'Unsubscribe' link at the bottom of any of our newsletter emails or update your preferences in your account settings.",orders_shipping,MakTek Customer Support FAQs Dataset,2026-04-08
FAQ0125,What are your business hours?,"Our business hours are [working hours]. During these hours, our customer support team is available to assist you with any inquiries or issues.",orders_shipping,MakTek Customer Support FAQs Dataset,2026-04-08
FAQ0126,Do you offer a satisfaction guarantee?,"Yes, we offer a satisfaction guarantee on our products. If you are not satisfied with your purchase, please contact our customer support team for assistance.",orders_shipping,MakTek Customer Support FAQs Dataset,2026-04-08
FAQ0127,How can I apply for a job at your company?,"To apply for a job at our company, visit our Careers page, where you can find current job openings and submit your application.",orders_shipping,MakTek Customer Support FAQs Dataset,2026-04-08
FAQ0128,What is the warranty on your products?,The warranty on our products varies by item. Please refer to the product page for specific warranty information or contact our customer support team.,orders_shipping,MakTek Customer Support FAQs Dataset,2026-04-08
FAQ0129,Can I request a refund if the price drops after my purchase?,"If the price of a product drops within 7 days of your purchase, you may be eligible for a price adjustment. Please contact our customer support team with your order details.",payment_promotions,MakTek Customer Support FAQs Dataset,2026-04-08
FAQ0130,How can I reset my password?,"To reset your password, click on the 'Forgot Password' link on the login page and follow the instructions to reset your password.",orders_shipping,MakTek Customer Support FAQs Dataset,2026-04-08
FAQ0131,How do I update my account information?,"To update your account information, log in to your account, navigate to the 'Account Settings' section, and make the necessary changes.",orders_shipping,MakTek Customer Support FAQs Dataset,2026-04-08
FAQ0132,What is your privacy policy?,"Our privacy policy outlines how we collect, use, and protect your personal information. Please visit our Privacy Policy page for detailed information.",orders_shipping,MakTek Customer Support FAQs Dataset,2026-04-08
FAQ0133,Can I change my order after it has been placed?,"If you need to change your order, please contact our customer support team as soon as possible. We will do our best to accommodate your request if the order has not been processed yet.",orders_shipping,MakTek Customer Support FAQs Dataset,2026-04-08
FAQ0134,How do I unsubscribe from your newsletter?,"To unsubscribe from our newsletter, click on the 'Unsubscribe' link at the bottom of any of our newsletter emails or update your preferences in your account settings.",orders_shipping,MakTek Customer Support FAQs Dataset,2026-04-08
FAQ0135,What are your business hours?,"Our business hours are [working hours]. During these hours, our customer support team is available to assist you with any inquiries or issues.",orders_shipping,MakTek Customer Support FAQs Dataset,2026-04-08
FAQ0136,Do you offer a satisfaction guarantee?,"Yes, we offer a satisfaction guarantee on our products. If you are not satisfied with your purchase, please contact our customer support team for assistance.",orders_shipping,MakTek Customer Support FAQs Dataset,2026-04-08
FAQ0137,How can I apply for a job at your company?,"To apply for a job at our company, visit our Careers page, where you can find current job openings and submit your application.",orders_shipping,MakTek Customer Support FAQs Dataset,2026-04-08
FAQ0138,What is the warranty on your products?,The warranty on our products varies by item. Please refer to the product page for specific warranty information or contact our customer support team.,orders_shipping,MakTek Customer Support FAQs Dataset,2026-04-08
FAQ0139,Can I request a refund if the price drops after my purchase?,"If the price of a product drops within 7 days of your purchase, you may be eligible for a price adjustment. Please contact our customer support team with your order details.",payment_promotions,MakTek Customer Support FAQs Dataset,2026-04-08
FAQ0140,How can I reset my password?,"To reset your password, click on the 'Forgot Password' link on the login page and follow the instructions to reset your password.",orders_shipping,MakTek Customer Support FAQs Dataset,2026-04-08
FAQ0141,How do I update my account information?,"To update your account information, log in to your account, navigate to the 'Account Settings' section, and make the necessary changes.",orders_shipping,MakTek Customer Support FAQs Dataset,2026-04-08
FAQ0142,What is your privacy policy?,"Our privacy policy outlines how we collect, use, and protect your personal information. Please visit our Privacy Policy page for detailed information.",orders_shipping,MakTek Customer Support FAQs Dataset,2026-04-08
FAQ0143,Can I change my order after it has been placed?,"If you need to change your order, please contact our customer support team as soon as possible. We will do our best to accommodate your request if the order has not been processed yet.",orders_shipping,MakTek Customer Support FAQs Dataset,2026-04-08
FAQ0144,How do I unsubscribe from your newsletter?,"To unsubscribe from our newsletter, click on the 'Unsubscribe' link at the bottom of any of our newsletter emails or update your preferences in your account settings.",orders_shipping,MakTek Customer Support FAQs Dataset,2026-04-08
FAQ0145,What are your business hours?,"Our business hours are [working hours]. During these hours, our customer support team is available to assist you with any inquiries or issues.",orders_shipping,MakTek Customer Support FAQs Dataset,2026-04-08
FAQ0146,Do you offer a satisfaction guarantee?,"Yes, we offer a satisfaction guarantee on our products. If you are not satisfied with your purchase, please contact our customer support team for assistance.",orders_shipping,MakTek Customer Support FAQs Dataset,2026-04-08
FAQ0147,How can I apply for a job at your company?,"To apply for a job at our company, visit our Careers page, where you can find current job openings and submit your application.",orders_shipping,MakTek Customer Support FAQs Dataset,2026-04-08
FAQ0148,What is the warranty on your products?,The warranty on our products varies by item. Please refer to the product page for specific warranty information or contact our customer support team.,orders_shipping,MakTek Customer Support FAQs Dataset,2026-04-08
FAQ0149,Can I request a refund if the price drops after my purchase?,"If the price of a product drops within 7 days of your purchase, you may be eligible for a price adjustment. Please contact our customer support team with your order details.",payment_promotions,MakTek Customer Support FAQs Dataset,2026-04-08
FAQ0150,How can I reset my password?,"To reset your password, click on the 'Forgot Password' link on the login page and follow the instructions to reset your password.",orders_shipping,MakTek Customer Support FAQs Dataset,2026-04-08
FAQ0151,How do I update my account information?,"To update your account information, log in to your account, navigate to the 'Account Settings' section, and make the necessary changes.",orders_shipping,MakTek Customer Support FAQs Dataset,2026-04-08
FAQ0152,What is your privacy policy?,"Our privacy policy outlines how we collect, use, and protect your personal information. Please visit our Privacy Policy page for detailed information.",orders_shipping,MakTek Customer Support FAQs Dataset,2026-04-08
FAQ0153,Can I change my order after it has been placed?,"If you need to change your order, please contact our customer support team as soon as possible. We will do our best to accommodate your request if the order has not been processed yet.",orders_shipping,MakTek Customer Support FAQs Dataset,2026-04-08
FAQ0154,How do I unsubscribe from your newsletter?,"To unsubscribe from our newsletter, click on the 'Unsubscribe' link at the bottom of any of our newsletter emails or update your preferences in your account settings.",orders_shipping,MakTek Customer Support FAQs Dataset,2026-04-08
FAQ0155,What are your business hours?,"Our business hours are [working hours]. During these hours, our customer support team is available to assist you with any inquiries or issues.",orders_shipping,MakTek Customer Support FAQs Dataset,2026-04-08
FAQ0156,Do you offer a satisfaction guarantee?,"Yes, we offer a satisfaction guarantee on our products. If you are not satisfied with your purchase, please contact our customer support team for assistance.",orders_shipping,MakTek Customer Support FAQs Dataset,2026-04-08
FAQ0157,How can I apply for a job at your company?,"To apply for a job at our company, visit our Careers page, where you can find current job openings and submit your application.",orders_shipping,MakTek Customer Support FAQs Dataset,2026-04-08
FAQ0158,What is the warranty on your products?,The warranty on our products varies by item. Please refer to the product page for specific warranty information or contact our customer support team.,orders_shipping,MakTek Customer Support FAQs Dataset,2026-04-08
FAQ0159,Can I request a refund if the price drops after my purchase?,"If the price of a product drops within 7 days of your purchase, you may be eligible for a price adjustment. Please contact our customer support team with your order details.",payment_promotions,MakTek Customer Support FAQs Dataset,2026-04-08
FAQ0160,How can I reset my password?,"To reset your password, click on the 'Forgot Password' link on the login page and follow the instructions to reset your password.",orders_shipping,MakTek Customer Support FAQs Dataset,2026-04-08
FAQ0161,How do I update my account information?,"To update your account information, log in to your account, navigate to the 'Account Settings' section, and make the necessary changes.",orders_shipping,MakTek Customer Support FAQs Dataset,2026-04-08
FAQ0162,What is your privacy policy?,"Our privacy policy outlines how we collect, use, and protect your personal information. Please visit our Privacy Policy page for detailed information.",orders_shipping,MakTek Customer Support FAQs Dataset,2026-04-08
FAQ0163,Can I change my order after it has been placed?,"If you need to change your order, please contact our customer support team as soon as possible. We will do our best to accommodate your request if the order has not been processed yet.",orders_shipping,MakTek Customer Support FAQs Dataset,2026-04-08
FAQ0164,How do I unsubscribe from your newsletter?,"To unsubscribe from our newsletter, click on the 'Unsubscribe' link at the bottom of any of our newsletter emails or update your preferences in your account settings.",orders_shipping,MakTek Customer Support FAQs Dataset,2026-04-08
FAQ0165,What are your business hours?,"Our business hours are [working hours]. During these hours, our customer support team is available to assist you with any inquiries or issues.",orders_shipping,MakTek Customer Support FAQs Dataset,2026-04-08
FAQ0166,Do you offer a satisfaction guarantee?,"Yes, we offer a satisfaction guarantee on our products. If you are not satisfied with your purchase, please contact our customer support team for assistance.",orders_shipping,MakTek Customer Support FAQs Dataset,2026-04-08
FAQ0167,How can I apply for a job at your company?,"To apply for a job at our company, visit our Careers page, where you can find current job openings and submit your application.",orders_shipping,MakTek Customer Support FAQs Dataset,2026-04-08
FAQ0168,What is the warranty on your products?,The warranty on our products varies by item. Please refer to the product page for specific warranty information or contact our customer support team.,orders_shipping,MakTek Customer Support FAQs Dataset,2026-04-08
FAQ0169,Can I request a refund if the price drops after my purchase?,"If the price of a product drops within 7 days of your purchase, you may be eligible for a price adjustment. Please contact our customer support team with your order details.",payment_promotions,MakTek Customer Support FAQs Dataset,2026-04-08
FAQ0170,How can I reset my password?,"To reset your password, click on the 'Forgot Password' link on the login page and follow the instructions to reset your password.",orders_shipping,MakTek Customer Support FAQs Dataset,2026-04-08
FAQ0171,How do I update my account information?,"To update your account information, log in to your account, navigate to the 'Account Settings' section, and make the necessary changes.",orders_shipping,MakTek Customer Support FAQs Dataset,2026-04-08
FAQ0172,What is your privacy policy?,"Our privacy policy outlines how we collect, use, and protect your personal information. Please visit our Privacy Policy page for detailed information.",orders_shipping,MakTek Customer Support FAQs Dataset,2026-04-08
FAQ0173,Can I change my order after it has been placed?,"If you need to change your order, please contact our customer support team as soon as possible. We will do our best to accommodate your request if the order has not been processed yet.",orders_shipping,MakTek Customer Support FAQs Dataset,2026-04-08
FAQ0174,How do I unsubscribe from your newsletter?,"To unsubscribe from our newsletter, click on the 'Unsubscribe' link at the bottom of any of our newsletter emails or update your preferences in your account settings.",orders_shipping,MakTek Customer Support FAQs Dataset,2026-04-08
FAQ0175,What are your business hours?,"Our business hours are [working hours]. During these hours, our customer support team is available to assist you with any inquiries or issues.",orders_shipping,MakTek Customer Support FAQs Dataset,2026-04-08
FAQ0176,Do you offer a satisfaction guarantee?,"Yes, we offer a satisfaction guarantee on our products. If you are not satisfied with your purchase, please contact our customer support team for assistance.",orders_shipping,MakTek Customer Support FAQs Dataset,2026-04-08
FAQ0177,How can I apply for a job at your company?,"To apply for a job at our company, visit our Careers page, where you can find current job openings and submit your application.",orders_shipping,MakTek Customer Support FAQs Dataset,2026-04-08
FAQ0178,What is the warranty on your products?,The warranty on our products varies by item. Please refer to the product page for specific warranty information or contact our customer support team.,orders_shipping,MakTek Customer Support FAQs Dataset,2026-04-08
FAQ0179,Can I request a refund if the price drops after my purchase?,"If the price of a product drops within 7 days of your purchase, you may be eligible for a price adjustment. Please contact our customer support team with your order details.",payment_promotions,MakTek Customer Support FAQs Dataset,2026-04-08
FAQ0180,How can I reset my password?,"To reset your password, click on the 'Forgot Password' link on the login page and follow the instructions to reset your password.",orders_shipping,MakTek Customer Support FAQs Dataset,2026-04-08
FAQ0181,How do I update my account information?,"To update your account information, log in to your account, navigate to the 'Account Settings' section, and make the necessary changes.",orders_shipping,MakTek Customer Support FAQs Dataset,2026-04-08
FAQ0182,What is your privacy policy?,"Our privacy policy outlines how we collect, use, and protect your personal information. Please visit our Privacy Policy page for detailed information.",orders_shipping,MakTek Customer Support FAQs Dataset,2026-04-08
FAQ0183,Can I change my order after it has been placed?,"If you need to change your order, please contact our customer support team as soon as possible. We will do our best to accommodate your request if the order has not been processed yet.",orders_shipping,MakTek Customer Support FAQs Dataset,2026-04-08
FAQ0184,How do I unsubscribe from your newsletter?,"To unsubscribe from our newsletter, click on the 'Unsubscribe' link at the bottom of any of our newsletter emails or update your preferences in your account settings.",orders_shipping,MakTek Customer Support FAQs Dataset,2026-04-08
FAQ0185,What are your business hours?,"Our business hours are [working hours]. During these hours, our customer support team is available to assist you with any inquiries or issues.",orders_shipping,MakTek Customer Support FAQs Dataset,2026-04-08
FAQ0186,Do you offer a satisfaction guarantee?,"Yes, we offer a satisfaction guarantee on our products. If you are not satisfied with your purchase, please contact our customer support team for assistance.",orders_shipping,MakTek Customer Support FAQs Dataset,2026-04-08
FAQ0187,How can I apply for a job at your company?,"To apply for a job at our company, visit our Careers page, where you can find current job openings and submit your application.",orders_shipping,MakTek Customer Support FAQs Dataset,2026-04-08
FAQ0188,What is the warranty on your products?,The warranty on our products varies by item. Please refer to the product page for specific warranty information or contact our customer support team.,orders_shipping,MakTek Customer Support FAQs Dataset,2026-04-08
FAQ0189,Can I request a refund if the price drops after my purchase?,"If the price of a product drops within 7 days of your purchase, you may be eligible for a price adjustment. Please contact our customer support team with your order details.",payment_promotions,MakTek Customer Support FAQs Dataset,2026-04-08
FAQ0190,How can I reset my password?,"To reset your password, click on the 'Forgot Password' link on the login page and follow the instructions to reset your password.",orders_shipping,MakTek Customer Support FAQs Dataset,2026-04-08
FAQ0191,How do I update my account information?,"To update your account information, log in to your account, navigate to the 'Account Settings' section, and make the necessary changes.",orders_shipping,MakTek Customer Support FAQs Dataset,2026-04-08
FAQ0192,What is your privacy policy?,"Our privacy policy outlines how we collect, use, and protect your personal information. Please visit our Privacy Policy page for detailed information.",orders_shipping,MakTek Customer Support FAQs Dataset,2026-04-08
FAQ0193,Can I change my order after it has been placed?,"If you need to change your order, please contact our customer support team as soon as possible. We will do our best to accommodate your request if the order has not been processed yet.",orders_shipping,MakTek Customer Support FAQs Dataset,2026-04-08
FAQ0194,How do I unsubscribe from your newsletter?,"To unsubscribe from our newsletter, click on the 'Unsubscribe' link at the bottom of any of our newsletter emails or update your preferences in your account settings.",orders_shipping,MakTek Customer Support FAQs Dataset,2026-04-08
FAQ0195,What are your business hours?,"Our business hours are [working hours]. During these hours, our customer support team is available to assist you with any inquiries or issues.",orders_shipping,MakTek Customer Support FAQs Dataset,2026-04-08
FAQ0196,Do you offer a satisfaction guarantee?,"Yes, we offer a satisfaction guarantee on our products. If you are not satisfied with your purchase, please contact our customer support team for assistance.",orders_shipping,MakTek Customer Support FAQs Dataset,2026-04-08
FAQ0197,How can I apply for a job at your company?,"To apply for a job at our company, visit our Careers page, where you can find current job openings and submit your application.",orders_shipping,MakTek Customer Support FAQs Dataset,2026-04-08
FAQ0198,What is the warranty on your products?,The warranty on our products varies by item. Please refer to the product page for specific warranty information or contact our customer support team.,orders_shipping,MakTek Customer Support FAQs Dataset,2026-04-08
FAQ0199,Can I request a refund if the price drops after my purchase?,"If the price of a product drops within 7 days of your purchase, you may be eligible for a price adjustment. Please contact our customer support team with your order details.",payment_promotions,MakTek Customer Support FAQs Dataset,2026-04-08
FAQ0200,How can I reset my password?,"To reset your password, click on the 'Forgot Password' link on the login page and follow the instructions to reset your password.",orders_shipping,MakTek Customer Support FAQs Dataset,2026-04-08
UNK0001,Tell me a joke variation 1,I am not fully sure. Please rephrase your question or contact support.,unknown,synthetic,2026-04-09
UNK0002,Write a poem variation 2,I am not fully sure. Please rephrase your question or contact support.,unknown,synthetic,2026-04-09
UNK0003,What is AI? variation 3,I am not fully sure. Please rephrase your question or contact support.,unknown,synthetic,2026-04-09
UNK0004,How to cook pasta? variation 4,I am not fully sure. Please rephrase your question or contact support.,unknown,synthetic,2026-04-09
UNK0005,Book a flight variation 5,I am not fully sure. Please rephrase your question or contact support.,unknown,synthetic,2026-04-09
UNK0006,What is blockchain? variation 6,I am not fully sure. Please rephrase your question or contact support.,unknown,synthetic,2026-04-09
UNK0007,Who won the World Cup? variation 7,I am not fully sure. Please rephrase your question or contact support.,unknown,synthetic,2026-04-09
UNK0008,What is the weather today? variation 8,I am not fully sure. Please rephrase your question or contact support.,unknown,synthetic,2026-04-09
UNK0009,Explain quantum physics variation 9,I am not fully sure. Please rephrase your question or contact support.,unknown,synthetic,2026-04-09
UNK0010,What is the capital of France? variation 10,I am not fully sure. Please rephrase your question or contact support.,unknown,synthetic,2026-04-09
UNK0011,Tell me a joke variation 11,I am not fully sure. Please rephrase your question or contact support.,unknown,synthetic,2026-04-09
UNK0012,Write a poem variation 12,I am not fully sure. Please rephrase your question or contact support.,unknown,synthetic,2026-04-09
UNK0013,What is AI? variation 13,I am not fully sure. Please rephrase your question or contact support.,unknown,synthetic,2026-04-09
UNK0014,How to cook pasta? variation 14,I am not fully sure. Please rephrase your question or contact support.,unknown,synthetic,2026-04-09
UNK0015,Book a flight variation 15,I am not fully sure. Please rephrase your question or contact support.,unknown,synthetic,2026-04-09
UNK0016,What is blockchain? variation 16,I am not fully sure. Please rephrase your question or contact support.,unknown,synthetic,2026-04-09
UNK0017,Who won the World Cup? variation 17,I am not fully sure. Please rephrase your question or contact support.,unknown,synthetic,2026-04-09
UNK0018,What is the weather today? variation 18,I am not fully sure. Please rephrase your question or contact support.,unknown,synthetic,2026-04-09
UNK0019,Explain quantum physics variation 19,I am not fully sure. Please rephrase your question or contact support.,unknown,synthetic,2026-04-09
UNK0020,What is the capital of France? variation 20,I am not fully sure. Please rephrase your question or contact support.,unknown,synthetic,2026-04-09
UNK0021,Tell me a joke variation 21,I am not fully sure. Please rephrase your question or contact support.,unknown,synthetic,2026-04-09
UNK0022,Write a poem variation 22,I am not fully sure. Please rephrase your question or contact support.,unknown,synthetic,2026-04-09
UNK0023,What is AI? variation 23,I am not fully sure. Please rephrase your question or contact support.,unknown,synthetic,2026-04-09
UNK0024,How to cook pasta? variation 24,I am not fully sure. Please rephrase your question or contact support.,unknown,synthetic,2026-04-09
UNK0025,Book a flight variation 25,I am not fully sure. Please rephrase your question or contact support.,unknown,synthetic,2026-04-09
UNK0026,What is blockchain? variation 26,I am not fully sure. Please rephrase your question or contact support.,unknown,synthetic,2026-04-09
UNK0027,Who won the World Cup? variation 27,I am not fully sure. Please rephrase your question or contact support.,unknown,synthetic,2026-04-09
UNK0028,What is the weather today? variation 28,I am not fully sure. Please rephrase your question or contact support.,unknown,synthetic,2026-04-09
UNK0029,Explain quantum physics variation 29,I am not fully sure. Please rephrase your question or contact support.,unknown,synthetic,2026-04-09
UNK0030,What is the capital of France? variation 30,I am not fully sure. Please rephrase your question or contact support.,unknown,synthetic,2026-04-09
UNK0031,Tell me a joke variation 31,I am not fully sure. Please rephrase your question or contact support.,unknown,synthetic,2026-04-09
UNK0032,Write a poem variation 32,I am not fully sure. Please rephrase your question or contact support.,unknown,synthetic,2026-04-09
UNK0033,What is AI? variation 33,I am not fully sure. Please rephrase your question or contact support.,unknown,synthetic,2026-04-09
UNK0034,How to cook pasta? variation 34,I am not fully sure. Please rephrase your question or contact support.,unknown,synthetic,2026-04-09
UNK0035,Book a flight variation 35,I am not fully sure. Please rephrase your question or contact support.,unknown,synthetic,2026-04-09
UNK0036,What is blockchain? variation 36,I am not fully sure. Please rephrase your question or contact support.,unknown,synthetic,2026-04-09
UNK0037,Who won the World Cup? variation 37,I am not fully sure. Please rephrase your question or contact support.,unknown,synthetic,2026-04-09
UNK0038,What is the weather today? variation 38,I am not fully sure. Please rephrase your question or contact support.,unknown,synthetic,2026-04-09
UNK0039,Explain quantum physics variation 39,I am not fully sure. Please rephrase your question or contact support.,unknown,synthetic,2026-04-09
UNK0040,What is the capital of France? variation 40,I am not fully sure. Please rephrase your question or contact support.,unknown,synthetic,2026-04-09
UNK0041,Tell me a joke variation 41,I am not fully sure. Please rephrase your question or contact support.,unknown,synthetic,2026-04-09
UNK0042,Write a poem variation 42,I am not fully sure. Please rephrase your question or contact support.,unknown,synthetic,2026-04-09
UNK0043,What is AI? variation 43,I am not fully sure. Please rephrase your question or contact support.,unknown,synthetic,2026-04-09
UNK0044,How to cook pasta? variation 44,I am not fully sure. Please rephrase your question or contact support.,unknown,synthetic,2026-04-09
UNK0045,Book a flight variation 45,I am not fully sure. Please rephrase your question or contact support.,unknown,synthetic,2026-04-09
UNK0046,What is blockchain? variation 46,I am not fully sure. Please rephrase your question or contact support.,unknown,synthetic,2026-04-09
UNK0047,Who won the World Cup? variation 47,I am not fully sure. Please rephrase your question or contact support.,unknown,synthetic,2026-04-09
UNK0048,What is the weather today? variation 48,I am not fully sure. Please rephrase your question or contact support.,unknown,synthetic,2026-04-09
UNK0049,Explain quantum physics variation 49,I am not fully sure. Please rephrase your question or contact support.,unknown,synthetic,2026-04-09
UNK0050,What is the capital of France? variation 50,I am not fully sure. Please rephrase your question or contact support.,unknown,synthetic,2026-04-09
UNK0051,Tell me a joke variation 51,I am not fully sure. Please rephrase your question or contact support.,unknown,synthetic,2026-04-09
UNK0052,Write a poem variation 52,I am not fully sure. Please rephrase your question or contact support.,unknown,synthetic,2026-04-09
UNK0053,What is AI? variation 53,I am not fully sure. Please rephrase your question or contact support.,unknown,synthetic,2026-04-09
UNK0054,How to cook pasta? variation 54,I am not fully sure. Please rephrase your question or contact support.,unknown,synthetic,2026-04-09
UNK0055,Book a flight variation 55,I am not fully sure. Please rephrase your question or contact support.,unknown,synthetic,2026-04-09
UNK0056,What is blockchain? variation 56,I am not fully sure. Please rephrase your question or contact support.,unknown,synthetic,2026-04-09
UNK0057,Who won the World Cup? variation 57,I am not fully sure. Please rephrase your question or contact support.,unknown,synthetic,2026-04-09
UNK0058,What is the weather today? variation 58,I am not fully sure. Please rephrase your question or contact support.,unknown,synthetic,2026-04-09
UNK0059,Explain quantum physics variation 59,I am not fully sure. Please rephrase your question or contact support.,unknown,synthetic,2026-04-09
UNK0060,What is the capital of France? variation 60,I am not fully sure. Please rephrase your question or contact support.,unknown,synthetic,2026-04-09
UNK0061,Tell me a joke variation 61,I am not fully sure. Please rephrase your question or contact support.,unknown,synthetic,2026-04-09
UNK0062,Write a poem variation 62,I am not fully sure. Please rephrase your question or contact support.,unknown,synthetic,2026-04-09
UNK0063,What is AI? variation 63,I am not fully sure. Please rephrase your question or contact support.,unknown,synthetic,2026-04-09
UNK0064,How to cook pasta? variation 64,I am not fully sure. Please rephrase your question or contact support.,unknown,synthetic,2026-04-09
UNK0065,Book a flight variation 65,I am not fully sure. Please rephrase your question or contact support.,unknown,synthetic,2026-04-09
UNK0066,What is blockchain? variation 66,I am not fully sure. Please rephrase your question or contact support.,unknown,synthetic,2026-04-09
UNK0067,Who won the World Cup? variation 67,I am not fully sure. Please rephrase your question or contact support.,unknown,synthetic,2026-04-09
UNK0068,What is the weather today? variation 68,I am not fully sure. Please rephrase your question or contact support.,unknown,synthetic,2026-04-09
UNK0069,Explain quantum physics variation 69,I am not fully sure. Please rephrase your question or contact support.,unknown,synthetic,2026-04-09
UNK0070,What is the capital of France? variation 70,I am not fully sure. Please rephrase your question or contact support.,unknown,synthetic,2026-04-09
UNK0071,Tell me a joke variation 71,I am not fully sure. Please rephrase your question or contact support.,unknown,synthetic,2026-04-09
UNK0072,Write a poem variation 72,I am not fully sure. Please rephrase your question or contact support.,unknown,synthetic,2026-04-09
UNK0073,What is AI? variation 73,I am not fully sure. Please rephrase your question or contact support.,unknown,synthetic,2026-04-09
UNK0074,How to cook pasta? variation 74,I am not fully sure. Please rephrase your question or contact support.,unknown,synthetic,2026-04-09
UNK0075,Book a flight variation 75,I am not fully sure. Please rephrase your question or contact support.,unknown,synthetic,2026-04-09
UNK0076,What is blockchain? variation 76,I am not fully sure. Please rephrase your question or contact support.,unknown,synthetic,2026-04-09
UNK0077,Who won the World Cup? variation 77,I am not fully sure. Please rephrase your question or contact support.,unknown,synthetic,2026-04-09
UNK0078,What is the weather today? variation 78,I am not fully sure. Please rephrase your question or contact support.,unknown,synthetic,2026-04-09
UNK0079,Explain quantum physics variation 79,I am not fully sure. Please rephrase your question or contact support.,unknown,synthetic,2026-04-09
UNK0080,What is the capital of France? variation 80,I am not fully sure. Please rephrase your question or contact support.,unknown,synthetic,2026-04-09
UNK0081,Tell me a joke variation 81,I am not fully sure. Please rephrase your question or contact support.,unknown,synthetic,2026-04-09
UNK0082,Write a poem variation 82,I am not fully sure. Please rephrase your question or contact support.,unknown,synthetic,2026-04-09
UNK0083,What is AI? variation 83,I am not fully sure. Please rephrase your question or contact support.,unknown,synthetic,2026-04-09
UNK0084,How to cook pasta? variation 84,I am not fully sure. Please rephrase your question or contact support.,unknown,synthetic,2026-04-09
UNK0085,Book a flight variation 85,I am not fully sure. Please rephrase your question or contact support.,unknown,synthetic,2026-04-09
UNK0086,What is blockchain? variation 86,I am not fully sure. Please rephrase your question or contact support.,unknown,synthetic,2026-04-09
UNK0087,Who won the World Cup? variation 87,I am not fully sure. Please rephrase your question or contact support.,unknown,synthetic,2026-04-09
UNK0088,What is the weather today? variation 88,I am not fully sure. Please rephrase your question or contact support.,unknown,synthetic,2026-04-09
UNK0089,Explain quantum physics variation 89,I am not fully sure. Please rephrase your question or contact support.,unknown,synthetic,2026-04-09
UNK0090,What is the capital of France? variation 90,I am not fully sure. Please rephrase your question or contact support.,unknown,synthetic,2026-04-09
UNK0091,Tell me a joke variation 91,I am not fully sure. Please rephrase your question or contact support.,unknown,synthetic,2026-04-09
UNK0092,Write a poem variation 92,I am not fully sure. Please rephrase your question or contact support.,unknown,synthetic,2026-04-09
UNK0093,What is AI? variation 93,I am not fully sure. Please rephrase your question or contact support.,unknown,synthetic,2026-04-09
UNK0094,How to cook pasta? variation 94,I am not fully sure. Please rephrase your question or contact support.,unknown,synthetic,2026-04-09
UNK0095,Book a flight variation 95,I am not fully sure. Please rephrase your question or contact support.,unknown,synthetic,2026-04-09
UNK0096,What is blockchain? variation 96,I am not fully sure. Please rephrase your question or contact support.,unknown,synthetic,2026-04-09
UNK0097,Who won the World Cup? variation 97,I am not fully sure. Please rephrase your question or contact support.,unknown,synthetic,2026-04-09
UNK0098,What is the weather today? variation 98,I am not fully sure. Please rephrase your question or contact support.,unknown,synthetic,2026-04-09
UNK0099,Explain quantum physics variation 99,I am not fully sure. Please rephrase your question or contact support.,unknown,synthetic,2026-04-09
UNK0100,What is the capital of France? variation 100,I am not fully sure. Please rephrase your question or contact support.,unknown,synthetic,2026-04-09
UNK0001,Tell me a joke variation 1,I am not fully sure. Please rephrase your question or contact support.,unknown,synthetic,2026-04-09
UNK0002,Write a poem variation 2,I am not fully sure. Please rephrase your question or contact support.,unknown,synthetic,2026-04-09
UNK0003,What is AI? variation 3,I am not fully sure. Please rephrase your question or contact support.,unknown,synthetic,2026-04-09
UNK0004,How to cook pasta? variation 4,I am not fully sure. Please rephrase your question or contact support.,unknown,synthetic,2026-04-09
UNK0005,Book a flight variation 5,I am not fully sure. Please rephrase your question or contact support.,unknown,synthetic,2026-04-09
UNK0006,What is blockchain? variation 6,I am not fully sure. Please rephrase your question or contact support.,unknown,synthetic,2026-04-09
UNK0007,Who won the World Cup? variation 7,I am not fully sure. Please rephrase your question or contact support.,unknown,synthetic,2026-04-09
UNK0008,What is the weather today? variation 8,I am not fully sure. Please rephrase your question or contact support.,unknown,synthetic,2026-04-09
UNK0009,Explain quantum physics variation 9,I am not fully sure. Please rephrase your question or contact support.,unknown,synthetic,2026-04-09
UNK0010,What is the capital of France? variation 10,I am not fully sure. Please rephrase your question or contact support.,unknown,synthetic,2026-04-09
UNK0011,Tell me a joke variation 11,I am not fully sure. Please rephrase your question or contact support.,unknown,synthetic,2026-04-09
UNK0012,Write a poem variation 12,I am not fully sure. Please rephrase your question or contact support.,unknown,synthetic,2026-04-09
UNK0013,What is AI? variation 13,I am not fully sure. Please rephrase your question or contact support.,unknown,synthetic,2026-04-09
UNK0014,How to cook pasta? variation 14,I am not fully sure. Please rephrase your question or contact support.,unknown,synthetic,2026-04-09
UNK0015,Book a flight variation 15,I am not fully sure. Please rephrase your question or contact support.,unknown,synthetic,2026-04-09
UNK0016,What is blockchain? variation 16,I am not fully sure. Please rephrase your question or contact support.,unknown,synthetic,2026-04-09
UNK0017,Who won the World Cup? variation 17,I am not fully sure. Please rephrase your question or contact support.,unknown,synthetic,2026-04-09
UNK0018,What is the weather today? variation 18,I am not fully sure. Please rephrase your question or contact support.,unknown,synthetic,2026-04-09
UNK0019,Explain quantum physics variation 19,I am not fully sure. Please rephrase your question or contact support.,unknown,synthetic,2026-04-09
UNK0020,What is the capital of France? variation 20,I am not fully sure. Please rephrase your question or contact support.,unknown,synthetic,2026-04-09
UNK0021,Tell me a joke variation 21,I am not fully sure. Please rephrase your question or contact support.,unknown,synthetic,2026-04-09
UNK0022,Write a poem variation 22,I am not fully sure. Please rephrase your question or contact support.,unknown,synthetic,2026-04-09
UNK0023,What is AI? variation 23,I am not fully sure. Please rephrase your question or contact support.,unknown,synthetic,2026-04-09
UNK0024,How to cook pasta? variation 24,I am not fully sure. Please rephrase your question or contact support.,unknown,synthetic,2026-04-09
UNK0025,Book a flight variation 25,I am not fully sure. Please rephrase your question or contact support.,unknown,synthetic,2026-04-09
UNK0026,What is blockchain? variation 26,I am not fully sure. Please rephrase your question or contact support.,unknown,synthetic,2026-04-09
UNK0027,Who won the World Cup? variation 27,I am not fully sure. Please rephrase your question or contact support.,unknown,synthetic,2026-04-09
UNK0028,What is the weather today? variation 28,I am not fully sure. Please rephrase your question or contact support.,unknown,synthetic,2026-04-09
UNK0029,Explain quantum physics variation 29,I am not fully sure. Please rephrase your question or contact support.,unknown,synthetic,2026-04-09
UNK0030,What is the capital of France? variation 30,I am not fully sure. Please rephrase your question or contact support.,unknown,synthetic,2026-04-09
UNK0031,Tell me a joke variation 31,I am not fully sure. Please rephrase your question or contact support.,unknown,synthetic,2026-04-09
UNK0032,Write a poem variation 32,I am not fully sure. Please rephrase your question or contact support.,unknown,synthetic,2026-04-09
UNK0033,What is AI? variation 33,I am not fully sure. Please rephrase your question or contact support.,unknown,synthetic,2026-04-09
UNK0034,How to cook pasta? variation 34,I am not fully sure. Please rephrase your question or contact support.,unknown,synthetic,2026-04-09
UNK0035,Book a flight variation 35,I am not fully sure. Please rephrase your question or contact support.,unknown,synthetic,2026-04-09
UNK0036,What is blockchain? variation 36,I am not fully sure. Please rephrase your question or contact support.,unknown,synthetic,2026-04-09
UNK0037,Who won the World Cup? variation 37,I am not fully sure. Please rephrase your question or contact support.,unknown,synthetic,2026-04-09
UNK0038,What is the weather today? variation 38,I am not fully sure. Please rephrase your question or contact support.,unknown,synthetic,2026-04-09
UNK0039,Explain quantum physics variation 39,I am not fully sure. Please rephrase your question or contact support.,unknown,synthetic,2026-04-09
UNK0040,What is the capital of France? variation 40,I am not fully sure. Please rephrase your question or contact support.,unknown,synthetic,2026-04-09
UNK0041,Tell me a joke variation 41,I am not fully sure. Please rephrase your question or contact support.,unknown,synthetic,2026-04-09
UNK0042,Write a poem variation 42,I am not fully sure. Please rephrase your question or contact support.,unknown,synthetic,2026-04-09
UNK0043,What is AI? variation 43,I am not fully sure. Please rephrase your question or contact support.,unknown,synthetic,2026-04-09
UNK0044,How to cook pasta? variation 44,I am not fully sure. Please rephrase your question or contact support.,unknown,synthetic,2026-04-09
UNK0045,Book a flight variation 45,I am not fully sure. Please rephrase your question or contact support.,unknown,synthetic,2026-04-09
UNK0046,What is blockchain? variation 46,I am not fully sure. Please rephrase your question or contact support.,unknown,synthetic,2026-04-09
UNK0047,Who won the World Cup? variation 47,I am not fully sure. Please rephrase your question or contact support.,unknown,synthetic,2026-04-09
UNK0048,What is the weather today? variation 48,I am not fully sure. Please rephrase your question or contact support.,unknown,synthetic,2026-04-09
UNK0049,Explain quantum physics variation 49,I am not fully sure. Please rephrase your question or contact support.,unknown,synthetic,2026-04-09
UNK0050,What is the capital of France? variation 50,I am not fully sure. Please rephrase your question or contact support.,unknown,synthetic,2026-04-09
UNK0051,Tell me a joke variation 51,I am not fully sure. Please rephrase your question or contact support.,unknown,synthetic,2026-04-09
UNK0052,Write a poem variation 52,I am not fully sure. Please rephrase your question or contact support.,unknown,synthetic,2026-04-09
UNK0053,What is AI? variation 53,I am not fully sure. Please rephrase your question or contact support.,unknown,synthetic,2026-04-09
UNK0054,How to cook pasta? variation 54,I am not fully sure. Please rephrase your question or contact support.,unknown,synthetic,2026-04-09
UNK0055,Book a flight variation 55,I am not fully sure. Please rephrase your question or contact support.,unknown,synthetic,2026-04-09
UNK0056,What is blockchain? variation 56,I am not fully sure. Please rephrase your question or contact support.,unknown,synthetic,2026-04-09
UNK0057,Who won the World Cup? variation 57,I am not fully sure. Please rephrase your question or contact support.,unknown,synthetic,2026-04-09
UNK0058,What is the weather today? variation 58,I am not fully sure. Please rephrase your question or contact support.,unknown,synthetic,2026-04-09
UNK0059,Explain quantum physics variation 59,I am not fully sure. Please rephrase your question or contact support.,unknown,synthetic,2026-04-09
UNK0060,What is the capital of France? variation 60,I am not fully sure. Please rephrase your question or contact support.,unknown,synthetic,2026-04-09
UNK0061,Tell me a joke variation 61,I am not fully sure. Please rephrase your question or contact support.,unknown,synthetic,2026-04-09
UNK0062,Write a poem variation 62,I am not fully sure. Please rephrase your question or contact support.,unknown,synthetic,2026-04-09
UNK0063,What is AI? variation 63,I am not fully sure. Please rephrase your question or contact support.,unknown,synthetic,2026-04-09
UNK0064,How to cook pasta? variation 64,I am not fully sure. Please rephrase your question or contact support.,unknown,synthetic,2026-04-09
UNK0065,Book a flight variation 65,I am not fully sure. Please rephrase your question or contact support.,unknown,synthetic,2026-04-09
UNK0066,What is blockchain? variation 66,I am not fully sure. Please rephrase your question or contact support.,unknown,synthetic,2026-04-09
UNK0067,Who won the World Cup? variation 67,I am not fully sure. Please rephrase your question or contact support.,unknown,synthetic,2026-04-09
UNK0068,What is the weather today? variation 68,I am not fully sure. Please rephrase your question or contact support.,unknown,synthetic,2026-04-09
UNK0069,Explain quantum physics variation 69,I am not fully sure. Please rephrase your question or contact support.,unknown,synthetic,2026-04-09
UNK0070,What is the capital of France? variation 70,I am not fully sure. Please rephrase your question or contact support.,unknown,synthetic,2026-04-09
UNK0071,Tell me a joke variation 71,I am not fully sure. Please rephrase your question or contact support.,unknown,synthetic,2026-04-09
UNK0072,Write a poem variation 72,I am not fully sure. Please rephrase your question or contact support.,unknown,synthetic,2026-04-09
UNK0073,What is AI? variation 73,I am not fully sure. Please rephrase your question or contact support.,unknown,synthetic,2026-04-09
UNK0074,How to cook pasta? variation 74,I am not fully sure. Please rephrase your question or contact support.,unknown,synthetic,2026-04-09
UNK0075,Book a flight variation 75,I am not fully sure. Please rephrase your question or contact support.,unknown,synthetic,2026-04-09
UNK0076,What is blockchain? variation 76,I am not fully sure. Please rephrase your question or contact support.,unknown,synthetic,2026-04-09
UNK0077,Who won the World Cup? variation 77,I am not fully sure. Please rephrase your question or contact support.,unknown,synthetic,2026-04-09
UNK0078,What is the weather today? variation 78,I am not fully sure. Please rephrase your question or contact support.,unknown,synthetic,2026-04-09
UNK0079,Explain quantum physics variation 79,I am not fully sure. Please rephrase your question or contact support.,unknown,synthetic,2026-04-09
UNK0080,What is the capital of France? variation 80,I am not fully sure. Please rephrase your question or contact support.,unknown,synthetic,2026-04-09
UNK0081,Tell me a joke variation 81,I am not fully sure. Please rephrase your question or contact support.,unknown,synthetic,2026-04-09
UNK0082,Write a poem variation 82,I am not fully sure. Please rephrase your question or contact support.,unknown,synthetic,2026-04-09
UNK0083,What is AI? variation 83,I am not fully sure. Please rephrase your question or contact support.,unknown,synthetic,2026-04-09
UNK0084,How to cook pasta? variation 84,I am not fully sure. Please rephrase your question or contact support.,unknown,synthetic,2026-04-09
UNK0085,Book a flight variation 85,I am not fully sure. Please rephrase your question or contact support.,unknown,synthetic,2026-04-09
UNK0086,What is blockchain? variation 86,I am not fully sure. Please rephrase your question or contact support.,unknown,synthetic,2026-04-09
UNK0087,Who won the World Cup? variation 87,I am not fully sure. Please rephrase your question or contact support.,unknown,synthetic,2026-04-09
UNK0088,What is the weather today? variation 88,I am not fully sure. Please rephrase your question or contact support.,unknown,synthetic,2026-04-09
UNK0089,Explain quantum physics variation 89,I am not fully sure. Please rephrase your question or contact support.,unknown,synthetic,2026-04-09
UNK0090,What is the capital of France? variation 90,I am not fully sure. Please rephrase your question or contact support.,unknown,synthetic,2026-04-09
UNK0091,Tell me a joke variation 91,I am not fully sure. Please rephrase your question or contact support.,unknown,synthetic,2026-04-09
UNK0092,Write a poem variation 92,I am not fully sure. Please rephrase your question or contact support.,unknown,synthetic,2026-04-09
UNK0093,What is AI? variation 93,I am not fully sure. Please rephrase your question or contact support.,unknown,synthetic,2026-04-09
UNK0094,How to cook pasta? variation 94,I am not fully sure. Please rephrase your question or contact support.,unknown,synthetic,2026-04-09
UNK0095,Book a flight variation 95,I am not fully sure. Please rephrase your question or contact support.,unknown,synthetic,2026-04-09
UNK0096,What is blockchain? variation 96,I am not fully sure. Please rephrase your question or contact support.,unknown,synthetic,2026-04-09
UNK0097,Who won the World Cup? variation 97,I am not fully sure. Please rephrase your question or contact support.,unknown,synthetic,2026-04-09
UNK0098,What is the weather today? variation 98,I am not fully sure. Please rephrase your question or contact support.,unknown,synthetic,2026-04-09
UNK0099,Explain quantum physics variation 99,I am not fully sure. Please rephrase your question or contact support.,unknown,synthetic,2026-04-09
UNK0100,What is the capital of France? variation 100,I am not fully sure. Please rephrase your question or contact support.,unknown,synthetic,2026-04-09
UNK0101,Tell me a joke variation 101,I am not fully sure. Please rephrase your question or contact support.,unknown,synthetic,2026-04-09
UNK0102,Write a poem variation 102,I am not fully sure. Please rephrase your question or contact support.,unknown,synthetic,2026-04-09
UNK0103,What is AI? variation 103,I am not fully sure. Please rephrase your question or contact support.,unknown,synthetic,2026-04-09
UNK0104,How to cook pasta? variation 104,I am not fully sure. Please rephrase your question or contact support.,unknown,synthetic,2026-04-09
UNK0105,Book a flight variation 105,I am not fully sure. Please rephrase your question or contact support.,unknown,synthetic,2026-04-09
UNK0106,What is blockchain? variation 106,I am not fully sure. Please rephrase your question or contact support.,unknown,synthetic,2026-04-09
UNK0107,Who won the World Cup? variation 107,I am not fully sure. Please rephrase your question or contact support.,unknown,synthetic,2026-04-09
UNK0108,What is the weather today? variation 108,I am not fully sure. Please rephrase your question or contact support.,unknown,synthetic,2026-04-09
UNK0109,Explain quantum physics variation 109,I am not fully sure. Please rephrase your question or contact support.,unknown,synthetic,2026-04-09
UNK0110,What is the capital of France? variation 110,I am not fully sure. Please rephrase your question or contact support.,unknown,synthetic,2026-04-09
UNK0111,Tell me a joke variation 111,I am not fully sure. Please rephrase your question or contact support.,unknown,synthetic,2026-04-09
UNK0112,Write a poem variation 112,I am not fully sure. Please rephrase your question or contact support.,unknown,synthetic,2026-04-09
UNK0113,What is AI? variation 113,I am not fully sure. Please rephrase your question or contact support.,unknown,synthetic,2026-04-09
UNK0114,How to cook pasta? variation 114,I am not fully sure. Please rephrase your question or contact support.,unknown,synthetic,2026-04-09
UNK0115,Book a flight variation 115,I am not fully sure. Please rephrase your question or contact support.,unknown,synthetic,2026-04-09
UNK0116,What is blockchain? variation 116,I am not fully sure. Please rephrase your question or contact support.,unknown,synthetic,2026-04-09
UNK0117,Who won the World Cup? variation 117,I am not fully sure. Please rephrase your question or contact support.,unknown,synthetic,2026-04-09
UNK0118,What is the weather today? variation 118,I am not fully sure. Please rephrase your question or contact support.,unknown,synthetic,2026-04-09
UNK0119,Explain quantum physics variation 119,I am not fully sure. Please rephrase your question or contact support.,unknown,synthetic,2026-04-09
UNK0120,What is the capital of France? variation 120,I am not fully sure. Please rephrase your question or contact support.,unknown,synthetic,2026-04-09
UNK0121,Tell me a joke variation 121,I am not fully sure. Please rephrase your question or contact support.,unknown,synthetic,2026-04-09
UNK0122,Write a poem variation 122,I am not fully sure. Please rephrase your question or contact support.,unknown,synthetic,2026-04-09
UNK0123,What is AI? variation 123,I am not fully sure. Please rephrase your question or contact support.,unknown,synthetic,2026-04-09
UNK0124,How to cook pasta? variation 124,I am not fully sure. Please rephrase your question or contact support.,unknown,synthetic,2026-04-09
UNK0125,Book a flight variation 125,I am not fully sure. Please rephrase your question or contact support.,unknown,synthetic,2026-04-09
UNK0126,What is blockchain? variation 126,I am not fully sure. Please rephrase your question or contact support.,unknown,synthetic,2026-04-09
UNK0127,Who won the World Cup? variation 127,I am not fully sure. Please rephrase your question or contact support.,unknown,synthetic,2026-04-09
UNK0128,What is the weather today? variation 128,I am not fully sure. Please rephrase your question or contact support.,unknown,synthetic,2026-04-09
UNK0129,Explain quantum physics variation 129,I am not fully sure. Please rephrase your question or contact support.,unknown,synthetic,2026-04-09
UNK0130,What is the capital of France? variation 130,I am not fully sure. Please rephrase your question or contact support.,unknown,synthetic,2026-04-09
UNK0131,Tell me a joke variation 131,I am not fully sure. Please rephrase your question or contact support.,unknown,synthetic,2026-04-09
UNK0132,Write a poem variation 132,I am not fully sure. Please rephrase your question or contact support.,unknown,synthetic,2026-04-09
UNK0133,What is AI? variation 133,I am not fully sure. Please rephrase your question or contact support.,unknown,synthetic,2026-04-09
UNK0134,How to cook pasta? variation 134,I am not fully sure. Please rephrase your question or contact support.,unknown,synthetic,2026-04-09
UNK0135,Book a flight variation 135,I am not fully sure. Please rephrase your question or contact support.,unknown,synthetic,2026-04-09
UNK0136,What is blockchain? variation 136,I am not fully sure. Please rephrase your question or contact support.,unknown,synthetic,2026-04-09
UNK0137,Who won the World Cup? variation 137,I am not fully sure. Please rephrase your question or contact support.,unknown,synthetic,2026-04-09
UNK0138,What is the weather today? variation 138,I am not fully sure. Please rephrase your question or contact support.,unknown,synthetic,2026-04-09
UNK0139,Explain quantum physics variation 139,I am not fully sure. Please rephrase your question or contact support.,unknown,synthetic,2026-04-09
UNK0140,What is the capital of France? variation 140,I am not fully sure. Please rephrase your question or contact support.,unknown,synthetic,2026-04-09
UNK0141,Tell me a joke variation 141,I am not fully sure. Please rephrase your question or contact support.,unknown,synthetic,2026-04-09
UNK0142,Write a poem variation 142,I am not fully sure. Please rephrase your question or contact support.,unknown,synthetic,2026-04-09
UNK0143,What is AI? variation 143,I am not fully sure. Please rephrase your question or contact support.,unknown,synthetic,2026-04-09
UNK0144,How to cook pasta? variation 144,I am not fully sure. Please rephrase your question or contact support.,unknown,synthetic,2026-04-09
UNK0145,Book a flight variation 145,I am not fully sure. Please rephrase your question or contact support.,unknown,synthetic,2026-04-09
UNK0146,What is blockchain? variation 146,I am not fully sure. Please rephrase your question or contact support.,unknown,synthetic,2026-04-09
UNK0147,Who won the World Cup? variation 147,I am not fully sure. Please rephrase your question or contact support.,unknown,synthetic,2026-04-09
UNK0148,What is the weather today? variation 148,I am not fully sure. Please rephrase your question or contact support.,unknown,synthetic,2026-04-09
UNK0149,Explain quantum physics variation 149,I am not fully sure. Please rephrase your question or contact support.,unknown,synthetic,2026-04-09
UNK0150,What is the capital of France? variation 150,I am not fully sure. Please rephrase your question or contact support.,unknown,synthetic,2026-04-09
UNK0151,Tell me a joke variation 151,I am not fully sure. Please rephrase your question or contact support.,unknown,synthetic,2026-04-09
UNK0152,Write a poem variation 152,I am not fully sure. Please rephrase your question or contact support.,unknown,synthetic,2026-04-09
UNK0153,What is AI? variation 153,I am not fully sure. Please rephrase your question or contact support.,unknown,synthetic,2026-04-09
UNK0154,How to cook pasta? variation 154,I am not fully sure. Please rephrase your question or contact support.,unknown,synthetic,2026-04-09
UNK0155,Book a flight variation 155,I am not fully sure. Please rephrase your question or contact support.,unknown,synthetic,2026-04-09
UNK0156,What is blockchain? variation 156,I am not fully sure. Please rephrase your question or contact support.,unknown,synthetic,2026-04-09
UNK0157,Who won the World Cup? variation 157,I am not fully sure. Please rephrase your question or contact support.,unknown,synthetic,2026-04-09
UNK0158,What is the weather today? variation 158,I am not fully sure. Please rephrase your question or contact support.,unknown,synthetic,2026-04-09
UNK0159,Explain quantum physics variation 159,I am not fully sure. Please rephrase your question or contact support.,unknown,synthetic,2026-04-09
UNK0160,What is the capital of France? variation 160,I am not fully sure. Please rephrase your question or contact support.,unknown,synthetic,2026-04-09
UNK0161,Tell me a joke variation 161,I am not fully sure. Please rephrase your question or contact support.,unknown,synthetic,2026-04-09
UNK0162,Write a poem variation 162,I am not fully sure. Please rephrase your question or contact support.,unknown,synthetic,2026-04-09
UNK0163,What is AI? variation 163,I am not fully sure. Please rephrase your question or contact support.,unknown,synthetic,2026-04-09
UNK0164,How to cook pasta? variation 164,I am not fully sure. Please rephrase your question or contact support.,unknown,synthetic,2026-04-09
UNK0165,Book a flight variation 165,I am not fully sure. Please rephrase your question or contact support.,unknown,synthetic,2026-04-09
UNK0166,What is blockchain? variation 166,I am not fully sure. Please rephrase your question or contact support.,unknown,synthetic,2026-04-09
UNK0167,Who won the World Cup? variation 167,I am not fully sure. Please rephrase your question or contact support.,unknown,synthetic,2026-04-09
UNK0168,What is the weather today? variation 168,I am not fully sure. Please rephrase your question or contact support.,unknown,synthetic,2026-04-09
UNK0169,Explain quantum physics variation 169,I am not fully sure. Please rephrase your question or contact support.,unknown,synthetic,2026-04-09
UNK0170,What is the capital of France? variation 170,I am not fully sure. Please rephrase your question or contact support.,unknown,synthetic,2026-04-09
UNK0171,Tell me a joke variation 171,I am not fully sure. Please rephrase your question or contact support.,unknown,synthetic,2026-04-09
UNK0172,Write a poem variation 172,I am not fully sure. Please rephrase your question or contact support.,unknown,synthetic,2026-04-09
UNK0173,What is AI? variation 173,I am not fully sure. Please rephrase your question or contact support.,unknown,synthetic,2026-04-09
UNK0174,How to cook pasta? variation 174,I am not fully sure. Please rephrase your question or contact support.,unknown,synthetic,2026-04-09
UNK0175,Book a flight variation 175,I am not fully sure. Please rephrase your question or contact support.,unknown,synthetic,2026-04-09
UNK0176,What is blockchain? variation 176,I am not fully sure. Please rephrase your question or contact support.,unknown,synthetic,2026-04-09
UNK0177,Who won the World Cup? variation 177,I am not fully sure. Please rephrase your question or contact support.,unknown,synthetic,2026-04-09
UNK0178,What is the weather today? variation 178,I am not fully sure. Please rephrase your question or contact support.,unknown,synthetic,2026-04-09
UNK0179,Explain quantum physics variation 179,I am not fully sure. Please rephrase your question or contact support.,unknown,synthetic,2026-04-09
UNK0180,What is the capital of France? variation 180,I am not fully sure. Please rephrase your question or contact support.,unknown,synthetic,2026-04-09
UNK0181,Tell me a joke variation 181,I am not fully sure. Please rephrase your question or contact support.,unknown,synthetic,2026-04-09
UNK0182,Write a poem variation 182,I am not fully sure. Please rephrase your question or contact support.,unknown,synthetic,2026-04-09
UNK0183,What is AI? variation 183,I am not fully sure. Please rephrase your question or contact support.,unknown,synthetic,2026-04-09
UNK0184,How to cook pasta? variation 184,I am not fully sure. Please rephrase your question or contact support.,unknown,synthetic,2026-04-09
UNK0185,Book a flight variation 185,I am not fully sure. Please rephrase your question or contact support.,unknown,synthetic,2026-04-09
UNK0186,What is blockchain? variation 186,I am not fully sure. Please rephrase your question or contact support.,unknown,synthetic,2026-04-09
UNK0187,Who won the World Cup? variation 187,I am not fully sure. Please rephrase your question or contact support.,unknown,synthetic,2026-04-09
UNK0188,What is the weather today? variation 188,I am not fully sure. Please rephrase your question or contact support.,unknown,synthetic,2026-04-09
UNK0189,Explain quantum physics variation 189,I am not fully sure. Please rephrase your question or contact support.,unknown,synthetic,2026-04-09
UNK0190,What is the capital of France? variation 190,I am not fully sure. Please rephrase your question or contact support.,unknown,synthetic,2026-04-09
UNK0191,Tell me a joke variation 191,I am not fully sure. Please rephrase your question or contact support.,unknown,synthetic,2026-04-09
UNK0192,Write a poem variation 192,I am not fully sure. Please rephrase your question or contact support.,unknown,synthetic,2026-04-09
UNK0193,What is AI? variation 193,I am not fully sure. Please rephrase your question or contact support.,unknown,synthetic,2026-04-09
UNK0194,How to cook pasta? variation 194,I am not fully sure. Please rephrase your question or contact support.,unknown,synthetic,2026-04-09
UNK0195,Book a flight variation 195,I am not fully sure. Please rephrase your question or contact support.,unknown,synthetic,2026-04-09
UNK0196,What is blockchain? variation 196,I am not fully sure. Please rephrase your question or contact support.,unknown,synthetic,2026-04-09
UNK0197,Who won the World Cup? variation 197,I am not fully sure. Please rephrase your question or contact support.,unknown,synthetic,2026-04-09
UNK0198,What is the weather today? variation 198,I am not fully sure. Please rephrase your question or contact support.,unknown,synthetic,2026-04-09
UNK0199,Explain quantum physics variation 199,I am not fully sure. Please rephrase your question or contact support.,unknown,synthetic,2026-04-09
UNK0200,What is the capital of France? variation 200,I am not fully sure. Please rephrase your question or contact support.,unknown,synthetic,2026-04-09
